DEPARTEMENT (numéro),COMMUNE,Rang ville,TAXE FONCIERE,,,,,,,,,,,,Taux des taxes spéciales d'équipement (+ TASA en Ile-de-France),,,,Taux de la taxe GEMAPI,,,,TOTAL TAUX taxe foncière + taxes annexes (hors TEOM) en 2024,"EVOLUTION TAXE FONCIERE 2021/2022 (majoration de 3,4 % des valeurs locatives comprise), en %","EVOLUTION TAXE FONCIERE 2022/2023 (majoration de 7,1 % des valeurs locatives comprise), en %","EVOLUTION TAXE FONCIERE 2023/2024 (majoration de 3,9 % des valeurs locatives comprise), en %",TAXE D'ENLEVEMENT DES ORDURES MENAGERES,,,,TOTAL TAUX taxe foncière  + TEOM + taxes annexes en 2024,"EVOLUTION TAXE FONCIERE + TEOM 2021/2022 (majoration de 3,4 % des valeurs locatives comprise), en %","EVOLUTION TAXE FONCIERE + TEOM 2022/2023 (majoration de 7,1 % des valeurs locatives comprise), en %","EVOLUTION TAXE FONCIERE + TEOM 2023/2024 (majoration de 3,9 % des valeurs locatives comprise), en %"
,,,Taux au profit de la commune,,,,Taux au profit d'un syndicat de communes ou mixte,,,,Taux au profit d'une intercommunalité ,,,,,,,,,,,,,,,,Taux,Taux,Taux,Taux,,,,
,,,2021,2022,2023,2024,2021,2022,2023,2024,2021,2022,2023,2024,2021,2022,2023,2024,2021,2022,2023,2024,,,,,2021,2022,2023,2024,,,,
13,AIX EN PROVENCE,23,"32,69","32,69","32,69","32,69","0,00","0,00","0,00","0,00","1,20","1,40","1,60","1,80","0,19","0,19","0,18","0,18","0,48","0,51","0,61","0,56","35,22","4,1","8,0","4,3","10,60","10,60","14,00","14,00","49,22","3,9","15,8","4,2"
2A,AJACCIO**,73,"30,65","30,65","30,65","30,65","0,00","0,00","0,00","0,00","6,00","6,00","6,00","6,00","0,17","0,18","0,17","0,17","0,41","0,49","0,73","1,11","37,92","3,6","7,8","4,9","20,57","20,57","20,57","20,57","58,49","3,6","7,5","4,6"
81,ALBI,132,"59,88","59,88","59,88","59,88","0,00","0,00","0,00","0,00","3,99","3,99","3,99","3,99","0,20","0,20","0,57","0,61","0,00","0,00","0,00","0,00","64,48","3,4","7,7","4,0","9,89","9,89","9,89","9,89","74,37","3,4","7,6","4,0"
30,ALES,176,"52,87","52,87","52,87","52,87","0,00","0,00","0,00","0,00","6,11","6,13","6,14","6,16","0,20","0,20","0,25","0,24","0,63","0,95","1,07","1,01","60,28","4,0","7,4","3,8","14,30","15,73","15,73","15,73","76,01","5,9","7,4","3,8"
94,ALFORTVILLE,159,"37,57","37,57","37,57","37,57","0,00","0,00","0,00","0,00","0,00","0,00","0,00","0,00","0,62","0,57","0,58","0,59","0,01","0,01","0,07","0,11","38,26","3,3","7,3","4,0","8,02","8,09","8,15","8,22","46,48","3,4","7,4","4,1"
80,AMIENS,27,"53,30","49,75","49,75","49,75","0,00","0,00","0,00","0,00","2,57","6,12","6,12","6,12","0,00","0,00","0,00","0,18","0,00","0,00","0,00","0,00","56,05","3,4","7,1","4,2","8,53","8,53","9,53","9,53","65,58","3,4","8,8","4,2"
49,ANGERS,18,"54,24","54,24","54,24","54,24","0,00","0,00","0,00","0,00","2,18","2,18","2,18","2,18","0,00","0,00","0,00","0,00","0,00","0,00","0,00","0,00","56,42","3,4","7,1","3,9","9,10","9,10","8,80","8,80","65,22","3,4","6,6","3,9"
64,ANGLET,190,"29,26","29,26","30,72","31,64","0,00","0,00","0,00","0,00","2,79","2,79","2,79","2,93","0,35","0,34","0,68","0,72","0,40","0,45","0,49","0,46","35,76","3,5","13,1","7,1","10,10","10,70","10,70","10,70","46,46","4,9","11,6","6,4"
16,ANGOULEME,178,"61,69","61,69","61,69","61,69","0,00","0,00","0,00","0,00","0,41","0,41","0,41","0,41","0,18","0,17","0,17","0,16","0,15","0,17","0,19","0,19","62,45","3,4","7,2","3,9","10,30","10,30","10,30","10,30","72,75","3,4","7,1","3,9"
74,ANNECY*,29,"28,62","30,08","30,04","34,21","0,00","0,00","0,00","0,00","1,66","1,67","1,67","1,67","0,19","0,30","0,29","0,32","0,00","0,00","0,00","0,00","36,20","8,8","6,9","17,5","6,77","6,83","6,89","6,71","42,91","8,0","7,1","14,6"
74,ANNEMASSE,205,"31,53","31,53","37,21","37,21","0,00","0,00","0,00","0,00","0,00","0,00","0,50","2,50","0,19","0,30","0,29","0,32","0,52","0,62","0,80","0,75","40,78","4,1","28,1","9,2","8,50","9,14","9,14","9,14","49,92","5,6","23,4","8,2"
06,ANTIBES,68,"28,07","28,07","28,07","28,07","0,00","0,00","0,00","0,00","0,00","0,00","0,00","0,00","0,19","0,19","0,18","0,18","0,31","0,32","0,37","0,35","28,60","3,4","7,3","3,8","8,80","8,80","8,65","8,55","37,15","3,4","6,8","3,6"
92,ANTONY,89,"25,80","25,80","27,09","27,90","0,00","0,00","0,00","0,00","0,00","0,00","0,00","0,00","0,62","0,57","0,58","0,59","0,01","0,01","0,07","0,11","28,59","3,2","12,6","7,1","5,06","5,05","5,04","5,04","33,63","3,2","11,7","6,6"
95,ARGENTEUIL,38,"38,14","38,14","38,14","38,14","0,00","0,00","0,00","0,00","0,00","0,00","0,00","0,00","0,62","0,57","0,58","0,59","0,01","0,01","0,07","0,11","38,83","3,3","7,3","4,0","5,59","7,00","7,00","7,00","45,83","6,6","7,3","4,0"
13,ARLES,128,"44,95","44,95","44,95","44,95","0,00","0,00","0,00","0,00","0,00","0,00","0,00","0,00","0,19","0,19","0,18","0,18","0,89","0,92","1,01","0,95","46,08","3,5","7,3","3,8","16,15","18,67","18,67","18,67","64,75","7,6","7,2","3,8"
62,ARRAS,177,"46,90","46,90","46,90","46,90","0,00","0,00","0,00","0,00","5,86","5,84","5,82","5,79","0,26","0,16","0,20","0,18","0,26","0,27","0,30","0,59","53,45","3,2","7,2","4,4","12,45","12,45","14,29","14,29","67,74","3,2","10,2","4,3"
92,ASNIERES,51,"19,50","19,50","19,50","19,50","0,00","0,00","0,00","0,00","0,00","0,00","0,00","0,00","0,62","0,57","0,58","0,59","0,01","0,01","0,07","0,11","20,19","3,1","7,5","4,1","5,77","5,77","5,77","5,77","25,96","3,2","7,4","4,1"
13,AUBAGNE,139,"49,13","49,13","49,13","49,13","0,00","0,00","0,00","0,00","1,20","1,40","1,60","1,80","0,19","0,19","0,18","0,18","0,48","0,51","0,61","0,56","51,67","3,8","7,7","4,2","10,00","14,00","14,00","14,00","65,67","10,5","7,6","4,1"
93,AUBERVILLIERS,50,"43,12","43,12","43,12","43,12","0,00","0,00","0,00","0,00","0,00","0,00","0,00","0,00","0,62","0,57","0,58","0,59","0,01","0,01","0,07","0,11","43,81","3,3","7,3","4,0","7,45","7,85","7,85","7,93","51,74","4,1","7,2","4,1"
93,AULNAY SOUS BOIS,52,"30,69","30,69","30,69","30,69","0,49","0,51","0,64","0,70","0,00","0,00","0,00","0,00","0,62","0,57","0,58","0,59","0,01","0,01","0,07","0,11","32,08","3,3","7,8","4,2","9,62","9,62","9,62","9,62","41,70","3,3","7,6","4,1"
84,AVIGNON,48,"42,44","42,44","42,44","42,44","0,00","0,00","0,00","0,00","1,61","1,61","1,61","1,61","0,19","0,19","0,18","0,18","0,20","0,27","0,29","0,27","44,49","3,5","7,1","3,8","10,90","10,90","10,90","10,90","55,39","3,5","7,1","3,9"
92,BAGNEUX,180,"30,43","33,47","33,47","33,47","0,00","0,00","0,00","0,00","0,00","0,00","0,00","0,00","0,62","0,57","0,58","0,59","0,01","0,01","0,07","0,11","34,16","13,3","7,3","4,0","5,88","5,76","5,64","5,64","39,80","11,4","7,0","4,0"
93,BAGNOLET,198,"42,41","48,77","48,77","48,77","0,00","0,00","0,00","0,00","0,00","0,00","0,00","0,00","0,62","0,57","0,58","0,59","0,01","0,01","0,07","0,11","49,46","18,6","7,2","4,0","7,92","8,44","8,44","8,77","58,23","17,3","7,2","4,6"
2B,BASTIA,136,"36,58","36,58","36,58","36,58","0,00","0,00","0,00","0,00","1,65","1,65","1,65","1,65","0,17","0,18","0,17","0,17","0,78","0,84","1,01",NR,"39,40","3,6","7,5","3,9 (dp)","16,36","16,36","16,36","16,36","55,76","3,5","7,4","3,9 (dp)"
64,BAYONNE,123,"32,50","32,83","32,83","33,81","0,00","0,00","0,00","0,08","2,79","2,79","2,79","2,93","0,35","0,34","0,68","0,72","0,40","0,45","0,49","0,46","38,01","4,5","8,2","7,3","10,10","10,70","10,70","10,70","48,71","5,6","8,0","6,6"
60,BEAUVAIS,100,"57,20","57,20","57,20","57,20","0,00","0,00","0,00","0,00","0,91","0,91","0,91","0,91","0,42","0,44","0,43","0,42","0,00","0,00","0,00","0,00","58,53","3,4","7,1","3,9","4,51","6,51","6,51","6,51","65,04","6,7","7,1","3,9"
90,BELFORT,144,"38,93","38,93","39,32","39,32","0,00","0,00","0,00","0,00","4,50","4,50","4,50","4,50","0,00","0,00","0,00","0,00","0,34","0,40","0,44",NR,"44,26","3,5","8,1","3,9 (dp)","9,80","9,80","9,80","9,80","54,06","3,5","8,0","3,9 (dp)"
25,BESANCON,33,"43,72","43,72","43,72","43,72","0,00","0,00","0,00","0,00","1,54","1,54","1,54","1,54","0,24","0,24","0,25","0,25","0,06","0,12","0,14","0,13","45,63","3,5","7,1","3,9","0,00","0,00","0,00","0,00","45,63","3,5","7,1","3,9"
34,BEZIERS,61,"47,99","47,99","47,99","47,99","0,00","0,00","0,00","0,00","2,58","2,58","2,58","2,58","0,20","0,20","0,25","0,24","1,14","1,16","1,23","1,15","51,96","3,4","7,4","3,7","14,05","14,05","14,05","14,05","66,01","3,4","7,3","3,8"
41,BLOIS,150,"57,70","57,70","57,70","57,70","0,00","0,00","0,00","0,00","0,00","0,00","0,00","0,00","0,00","0,00","0,00","0,00","0,00","0,00","0,00","0,00","57,70","3,4","7,1","3,9","10,67","10,67","11,35","11,35","69,05","3,4","8,2","3,9"
93,BOBIGNY,112,"42,12","42,12","49,92","49,92","0,00","0,00","0,00","0,00","0,00","0,00","0,00","0,00","0,62","0,57","0,58","0,59","0,01","0,01","0,07","0,11","50,61","3,3","26,8","4,0","7,92","8,44","8,44","8,77","59,38","4,4","23,6","4,6"
93,BONDY,110,"39,79","39,79","39,79","39,79","0,00","0,00","0,00","0,00","0,00","0,00","0,00","0,00","0,62","0,57","0,58","0,59","0,01","0,01","0,07","0,11","40,48","3,3","7,3","4,0","7,92","8,44","8,44","8,77","49,25","4,4","7,3","4,7"
33,BORDEAUX**,9,"46,38","46,38","48,48","48,48","0,00","0,00","0,00","0,00","0,00","0,00","0,00","0,00","0,18","0,17","0,48","0,53","0,00","0,00","0,00","0,22","49,23","3,4","12,7","4,5","9,31","9,31","9,31","9,31","58,54","3,4","11,7","4,4"
92,BOULOGNE BILLANCOURT,30,"15,09","15,09","15,09","15,09","0,00","0,00","0,00","0,00","0,00","0,00","0,00","0,00","0,62","0,57","0,58","0,59","0,01","0,01","0,07","0,11","15,78","3,1","7,6","4,2","4,15","4,15","4,15","4,15","19,93","3,1","7,5","4,1"
01,BOURG-EN-BRESSE,179,"37,93","37,93","37,93","39,07","0,00","0,00","0,00","0,00","0,58","0,66","0,74","0,74","0,14","0,15","0,14","0,14","0,00","0,00","0,00","0,29","40,25","3,6","7,3","7,7","9,95","9,95","9,95","9,95","50,20","3,6","7,3","6,9"
18,BOURGES,84,"45,92","45,92","45,92","45,92","0,00","0,00","0,00","0,00","0,00","0,00","0,00","0,00","0,00","0,00","0,00","0,00","0,00","0,00","0,00","0,00","45,92","3,4","7,1","3,9","8,45","10,45","10,45","10,45","56,37","7,2","7,1","3,9"
29,BREST,25,"40,24","40,24","39,84","39,44","0,00","0,00","0,00","0,00","2,93","3,32","3,72","4,12","0,12","0,09","0,08","0,08","0,00","0,00","0,20","0,19","43,83","4,2","7,6","3,9","5,78","5,78","5,78","5,78","49,61","4,1","7,5","3,9"
19,BRIVE LA GAILLARDE***,147,"55,90","55,34","54,90","54,70","0,00","0,00","0,00","0,00","0,00","0,00","0,00","0,00","0,18","0,17","0,17","0,16","0,00","0,00","0,00","0,00","54,86","2,3","6,3","3,5","4,11","4,16","4,04","4,12","58,98","2,5","6,1","3,7"
69,BRON,173,"31,20","31,20","31,20","31,20","0,39","0,44","0,48","0,44","0,55","0,55","0,55","0,55","0,00","0,00","0,00","0,00","0,00","0,00","0,00","0,15","32,34","3,6","7,2","4,2","4,93","4,93","4,93","5,19","37,53","3,5","7,2","4,9"
14,CAEN,40,"51,03","51,03","51,03","51,03","0,00","0,00","0,00","0,00","0,96","0,96","0,96","0,96","0,11","0,12","0,11","0,11","0,00","0,00","0,59","0,55","52,64","3,4","8,3","3,8","10,74","10,74","10,74","10,74","63,38","3,4","8,1","3,8"
06,CAGNES SUR MER,121,"24,55","24,55","24,55","24,55","0,00","0,00","0,00","0,00","6,40","6,40","6,40","6,40","0,19","0,19","0,18","0,18","0,00","0,00","0,00","0,53","31,66","3,4","7,1","5,6","8,46","8,46","10,46","10,46","42,12","3,4","12,5","5,2"
62,CALAIS,69,"44,45","44,45","44,45","44,45","0,00","0,00","0,00","0,00","3,15","3,15","3,15","3,15","0,26","0,16","0,20","0,18","0,31","0,60","0,63",NR,"48,41","3,8","7,2","3,9 (dp)","10,75","10,75","10,75","10,75","59,16","3,7","7,2","3,9 (dp)"
69,CALUIRE ET CUIRE,167,"35,83","35,83","35,83","35,83","0,32","0,42","0,52","0,54","0,55","0,55","0,55","0,55","0,00","0,00","0,00","0,00","0,00","0,00","0,00","0,15","37,08","3,7","7,4","4,4","4,93","4,93","4,93","5,19","42,27","3,6","7,4","5,0"
06,CANNES,67,"28,12","28,12","28,12","28,12","0,00","0,00","0,00","0,00","0,00","0,00","0,00","0,00","0,19","0,19","0,18","0,18","0,00","0,00","0,00","0,74","29,04","3,4","7,1","6,6","12,25","12,25","12,25","12,25","41,29","3,4","7,1","5,8"
11,CARCASSONNE,142,"70,66","53,28","53,28","53,28","0,00","0,00","0,00","0,00","1,50","18,71","18,71","18,71","0,20","0,20","0,25","0,24","1,20","1,20","1,23","1,30","73,53","3,2","7,2","4,0","12,10","12,10","12,10","12,10","85,63","3,2","7,2","4,0"
81,CASTRES**,174,"63,61","61,61","60,99","60,38","0,00","0,00","0,00","0,00","0,00","1,00","1,00","1,00","0,31","0,31","0,29","0,29","0,09","0,10","0,10","0,11","61,78","1,8","6,0","2,9","10,91","12,70","12,70","13,80","75,58","4,5","6,2","4,6"
973,CAYENNE,81,"67,24","67,24","67,24","67,24","0,00","0,00","0,00","0,00","1,96","1,96","1,96","1,96","1,42","1,08","1,18","1,36","0,00","0,00","0,00","0,00","70,56","2,9","7,3","4,2","14,56","14,56","14,56","14,56","85,12","3,0","7,2","4,1"
95,CERGY,80,"42,86","42,86","44,15","44,15","0,00","0,00","0,00","0,00","1,91","1,91","2,41","2,41","0,62","0,57","0,58","0,59","0,32","0,38","0,36","0,41","47,56","3,4","11,3","4,0","8,15","8,15","8,00","8,00","55,56","3,4","10,3","4,0"
71,CHALON SUR SAONE,155,"47,34","47,34","47,34","47,34","0,00","0,00","0,00","0,00","2,00","2,00","2,00","2,00","0,00","0,00","0,00","0,00","0,00","0,00","0,00","0,00","49,34","3,4","7,1","3,9","9,87","9,87","9,87","9,87","59,21","3,4","7,1","3,9"
51,CHALONS EN CHAMPAGNE,161,"42,37","42,37","42,37","42,37","0,00","0,00","0,00","0,00","1,24","1,24","1,24","1,24","0,04","0,07","0,09","0,10","0,00","0,00","0,00","0,20","43,91","3,4","7,2","4,4","10,12","10,12","10,12","10,12","54,03","3,4","7,2","4,3"
73,CHAMBERY,97,"40,46","41,96","41,96","41,96","0,00","0,00","0,00","0,00","2,30","2,30","4,30","4,30","0,21","0,21","0,20","0,21","0,00","0,00","0,00","0,00","46,47","7,0","11,9","3,9","8,28","8,28","8,28","8,28","54,75","6,4","11,2","3,9"
94,CHAMPIGNY SUR MARNE,63,"35,91","35,91","35,91","35,91","0,00","0,00","0,00","0,00","0,00","0,00","0,00","0,00","0,62","0,57","0,58","0,59","0,01","0,01","0,07","0,11","36,60","3,3","7,3","4,0","10,17","10,16","9,69","9,33","45,93","3,3","6,2","3,2"
36,CHATEAUROUX,170,"43,82","43,82","43,82","43,82","0,00","0,00","0,00","0,00","0,00","1,52","1,52","1,52","0,00","0,00","0,00","0,38","0,00","0,00","0,00","0,00","45,71","7,0","7,1","4,8","10,34","8,75","8,75","8,75","54,46","3,3","7,1","4,6"
92,CHATILLON,207,"25,51","25,51","25,51","25,51","0,00","0,00","0,00","0,00","0,00","0,00","0,00","0,00","0,62","0,57","0,58","0,59","0,01","0,01","0,07","0,11","26,20","3,2","7,4","4,1","4,73","4,77","4,81","4,85","31,05","3,4","7,5","4,2"
77,CHELLES,106,"42,35","42,35","42,35","42,35","0,00","0,00","0,00","0,00","0,00","0,00","0,00","0,00","0,62","0,57","0,58","0,59","0,00","0,16","0,19","0,18","43,11","3,7","7,2","3,9","6,59","7,18","7,02","6,66","49,77","4,9","6,8","3,1"
50,CHERBOURG-EN-COTENTIN*,59,"47,13","47,02","49,22","49,10","0,00","0,00","0,00","0,00","3,10","3,53","3,53","3,53","0,11","0,12","0,11","0,11","0,00","0,37","0,35","0,37","53,11","4,8","11,6","3,7","11,70","11,70","11,70","11,70","64,81","4,6","10,8","3,7"
94,CHOISY LE ROI,148,"39,84","39,84","39,84","39,84","1,83","1,85","1,80","1,73","0,00","0,00","0,00","0,00","0,62","0,57","0,58","0,59","0,01","0,01","0,07","0,11","42,26","3,3","7,1","3,8","7,59","7,72","8,95","8,95","51,21","3,6","9,8","3,8"
49,CHOLET,113,"49,53","49,53","49,53","49,53","0,00","0,00","0,00","0,00","0,00","0,00","0,00","0,00","0,00","0,00","0,00","0,00","0,00","0,00","0,00","0,00","49,53","3,4","7,1","3,9","9,11","9,11","11,60","10,80","60,33","3,4","11,6","2,5"
92,CLAMART,118,"22,98","22,98","22,98","22,98","0,00","0,00","0,00","0,00","0,00","0,00","0,00","0,00","0,62","0,57","0,58","0,59","0,01","0,01","0,07","0,11","23,67","3,2","7,4","4,1","5,88","5,76","5,64","5,64","29,31","2,8","6,9","4,0"
63,CLERMONT-FERRAND,22,"46,60","46,60","46,60","46,60","0,00","0,00","0,00","0,00","2,36","2,82","2,82","2,82","0,15","0,15","0,15","0,17","0,00","0,38","0,08","0,15","49,74","5,2","6,4","4,1","7,99","9,90","9,90","9,90","59,64","8,4","6,6","4,1"
92,CLICHY,87,"29,98","29,98","29,98","32,68","0,00","0,00","0,00","0,00","0,00","0,00","0,00","0,00","0,62","0,57","0,58","0,59","0,01","0,01","0,07","0,11","33,37","3,2","7,3","13,2","6,07","6,07","6,07","6,07","39,44","3,3","7,3","11,7"
68,COLMAR,74,"33,00","33,00","33,00","33,00","0,00","0,00","0,00","0,00","0,70","0,70","0,70","0,70","0,00","0,00","0,00","0,00","0,08","0,09","0,10","0,10","33,80","3,4","7,2","3,9","7,30","7,30","7,30","7,30","41,10","3,4","7,1","3,9"
92,COLOMBES,53,"27,47","27,47","27,47","27,47","0,00","0,00","0,00","0,00","0,00","0,00","0,00","0,00","0,62","0,57","0,58","0,59","0,01","0,01","0,07","0,11","28,16","3,2","7,4","4,1","6,44","6,44","6,44","6,44","34,60","3,2","7,3","4,0"
31,COLOMIERS,188,"38,75","38,75","41,75","41,75","0,00","0,00","0,00","0,00","13,20","13,20","13,20","13,20","0,38","0,42","0,72","0,77","0,00","0,27","0,34","0,33","56,05","4,0","14,0","4,0","8,10","8,10","8,10","8,10","64,15","3,9","13,0","4,0"
60,COMPIEGNE,185,"48,11","48,11","47,63","47,63","0,00","0,00","0,00","0,00","0,00","1,00","1,00","1,00","0,42","0,44","0,43","0,42","0,29","0,30","0,46","0,43","49,48","5,6","6,4","3,8","9,15","8,50","8,50","8,50","57,98","4,1","6,5","3,8"
91,CORBEIL ESSONNES,125,"39,21","39,21","43,75","43,75","0,00","0,00","0,00","0,00","0,28","1,13","1,13","1,13","0,62","0,57","0,58","0,59","0,00","0,52","0,57","0,55","46,01","6,8","19,0","3,9","7,70","8,71","8,71","8,71","54,72","8,4","16,9","3,9"
92,COURBEVOIE,57,"13,71","14,67","16,58","16,58","0,00","0,00","0,00","0,00","0,00","0,00","0,00","0,00","0,62","0,57","0,58","0,59","0,01","0,01","0,07","0,11","17,27","10,0","21,0","4,1","1,88","1,88","1,88","1,88","19,15","9,2","19,5","4,1"
94,CRETEIL,47,"41,70","42,12","42,12","43,76","0,00","0,00","0,00","0,00","0,00","0,00","0,00","0,00","0,62","0,57","0,58","0,59","0,01","0,01","0,07","0,11","44,45","4,3","7,3","8,0","8,37","8,35","8,32","8,30","52,75","4,1","7,2","7,3"
21,DIJON,17,"50,28","50,28","50,28","50,28","0,00","0,00","0,00","0,00","0,61","1,41","1,41","1,41","0,39","0,39","0,37","0,36","0,00","0,00","0,00","0,00","52,05","5,0","7,1","3,9","6,40","6,40","6,40","6,40","58,45","4,8","7,1","3,9"
59,DOUAI,192,"48,84","48,84","48,84","48,84","0,00","0,00","0,00","0,00","4,00","4,00","4,00","4,00","0,26","0,16","0,20","0,18","0,00","0,00","0,00","0,00","53,01","3,2","7,2","3,9","16,26","17,11","17,18","17,44","70,45","4,5","7,3","4,3"
83,DRAGUIGNAN,193,"37,79","37,79","37,79","37,79","0,00","0,00","0,00","0,00","2,50","3,00","3,00","3,00","0,19","0,19","0,18","0,18","0,00","0,84","0,90",NR,"41,87","6,8","7,3","3,9 (dp)","12,00","12,60","12,60","12,60","54,47","7,2","7,2","3,9 (dp)"
93,DRANCY,70,"41,29","41,29","42,49","42,49","0,00","0,00","0,00","0,00","0,00","0,00","0,00","0,00","0,62","0,57","0,58","0,59","0,01","0,01","0,07","0,11","43,18","3,3","9,8","4,0","8,74","8,74","8,74","8,74","51,92","3,3","9,4","4,0"
59,DUNKERQUE*,54,"48,13","48,22","48,30","48,39","2,11","2,15","2,24","2,16","0,00","0,00","0,00","0,00","0,26","0,16","0,20","0,18","0,53","0,83","0,86","0,81","51,54","4,1","7,6","3,8","17,78","17,78","17,78","17,78","69,32","3,9","7,5","3,8"
93,EPINAY SUR SEINE,109,"39,87","39,87","39,87","39,87","0,00","0,00","0,00","0,00","0,00","0,00","0,00","0,00","0,62","0,57","0,58","0,59","0,01","0,01","0,07","0,11","40,56","3,3","7,3","4,0","7,45","7,85","7,85","7,93","48,49","4,2","7,3","4,2"
27,EVREUX,146,"54,57","54,57","54,57","54,57","0,00","0,00","0,00","0,00","2,98","2,98","3,86","3,86","0,11","0,12","0,11","0,11","0,00","1,16","1,24","1,16","59,70","5,5","8,8","3,8","12,15","12,15","14,38","14,38","74,08","5,1","11,9","3,8"
91,EVRY-COURCOURONNES*,78,"41,05","41,39","41,78","42,12","0,00","0,00","0,00","0,00","0,28","1,13","1,13","1,13","0,62","0,57","0,58","0,59","0,00","0,52","0,57","0,55","44,38","7,4","8,2","4,7","7,54","8,53","8,53","8,53","52,91","8,9","8,0","4,5"
94,FONTENAY SOUS BOIS,122,"36,61","38,08","38,08","39,98","0,00","0,00","0,00","0,00","0,00","0,00","0,00","0,00","0,62","0,57","0,58","0,59","0,01","0,01","0,07","0,11","40,67","7,3","7,3","9,1","5,22","5,76","5,84","6,03","46,70","8,2","7,5","8,9"
972,FORT-DE-FRANCE,64,"48,70","48,70","48,70","48,70","0,00","0,00","0,00","0,00","1,50","1,50","1,50","1,50","0,72","0,78","0,71","0,67","0,87","0,89","0,94","0,89","51,76","3,6","7,1","3,7","13,80","13,80","13,80","13,80","65,56","3,5","7,1","3,8"
95,FRANCONVILLE,204,"34,28","34,28","41,14","41,14","0,00","0,00","0,00","0,00","0,00","0,00","0,00","0,00","0,62","0,57","0,58","0,59","0,13","0,15","0,86","0,86","42,59","3,5","30,3","3,9","6,88","7,20","7,32","7,51","50,10","3,5","26,6","4,3"
83,FREJUS,111,"35,94","35,94","35,94","35,94","0,00","0,00","0,00","0,00","1,59","1,59","1,59","1,59","0,19","0,19","0,18","0,18","1,01","1,01","1,09","1,03","38,74","3,4","7,3","3,7","10,00","11,23","11,23","11,17","49,91","6,0","7,3","3,6"
93,GAGNY,191,"36,66","36,66","36,66","36,66","0,00","0,00","0,00","0,00","0,00","0,00","0,00","0,00","0,62","0,57","0,58","0,59","0,01","0,01","0,07","0,11","37,35","3,3","7,3","4,0","8,20","8,13","7,82","7,35","44,70","3,1","6,5","2,9"
05,GAP,184,"61,86","61,86","61,86","61,86","0,00","0,00","0,00","0,00","0,00","0,00","0,00","0,00","0,19","0,19","0,18","0,18","0,00","0,00","0,00","0,00","62,04","3,4","7,1","3,9","8,65","8,65","9,52","12,00","74,04","3,4","8,4","7,5"
95,GARGES LES GONESSE,168,"39,01","39,01","39,01","39,01","0,00","0,00","0,00","0,00","3,94","4,58","4,58","4,58","0,62","0,57","0,58","0,59","0,43","0,46","0,46",NR,"44,64","4,8","7,1","3,9 (dp)","6,94","6,94","6,94","6,94","51,58","4,6","7,1","3,9 (dp)"
92,GENNEVILLIERS,135,"30,91","31,37","31,37","33,00","0,00","0,00","0,00","0,00","0,00","0,00","0,00","0,00","0,62","0,57","0,58","0,59","0,01","0,01","0,07","0,11","33,69","4,7","7,3","9,3","4,47","4,47","4,47",NR,"38,16","4,6","7,3",NR
06,GRASSE,133,"30,07","30,07","30,07","30,07","0,00","0,00","0,00","0,00","0,10","0,10","0,10","0,10","0,19","0,19","0,18","0,18","0,51","0,53","0,63","0,61","30,96","3,4","7,5","3,8","18,73","18,73","18,73","18,73","49,69","3,4","7,3","3,8"
38,GRENOBLE,16,"52,63","52,63","65,79","65,79","0,00","0,00","0,00","0,00","1,29","1,29","1,29","1,29","0,48","0,48","0,47","0,47","0,31","0,33","0,38","0,38","67,92","3,4","32,9","3,9","8,30","8,30","8,30","8,30","76,22","3,4","29,5","3,9"
83,HYERES,108,"37,25","37,25","37,25","37,25","0,00","0,00","0,00","0,00","4,00","5,00","5,00","5,00","0,19","0,19","0,18","0,18","0,44","0,46","0,51","0,49","42,92","5,9","7,2","3,8","12,41","12,31","12,21","12,12","55,04","5,1","7,0","3,7"
92,ISSY LES MOULINEAUX,75,"21,32","21,32","23,99","23,99","0,00","0,00","0,00","0,00","0,00","0,00","0,00","0,00","0,62","0,57","0,58","0,59","0,01","0,01","0,07","0,11","24,68","3,2","20,5","4,1","4,15","4,15","4,15","4,15","28,83","3,2","18,4","4,0"
13,ISTRES,165,"49,95","53,43","53,43","53,43","0,00","0,00","0,00","0,00","3,29","3,19","3,09","2,99","0,19","0,19","0,18","0,18","0,48","0,51","0,61","0,56","57,16","9,9","7,1","3,6","11,00","11,00","14,00","14,00","71,16","8,8","11,8","3,7"
94,IVRY SUR SEINE,85,"47,82","47,82","47,82","47,82","0,00","0,00","0,00","0,00","0,00","0,00","0,00","0,00","0,62","0,57","0,58","0,59","0,01","0,01","0,07","0,11","48,51","3,3","7,3","4,0","0,79","2,30","3,32","4,24","52,75","6,5","9,4","5,8"
37,JOUE LES TOURS,197,"37,09","37,09","37,09","37,09","0,00","0,00","0,00","0,00","0,00","0,00","0,00","0,00","0,33","0,33","0,35","0,33","0,00","0,30","0,38","0,35","37,77","4,2","7,4","3,8","10,86","10,86","10,86","10,86","48,63","4,0","7,3","3,8"
93,LA COURNEUVE,156,"41,36","41,36","41,36","41,36","0,00","0,00","0,00","0,00","0,00","0,00","0,00","0,00","0,62","0,57","0,58","0,59","0,01","0,01","0,07","0,11","42,05","3,3","7,3","4,0","7,45","7,85","7,85","7,93","49,98","4,1","7,2","4,2"
85,LA ROCHE SUR YON,107,"42,69","42,69","42,69","42,69","0,00","0,00","0,00","0,00","1,50","5,00","5,00","5,00","0,15","0,12","0,11","0,14","0,00","0,00","0,00","0,00","47,83","11,5","7,1","3,9","0,00","0,00","0,00","0,00","47,83","11,5","7,1","3,9"
17,LA ROCHELLE,62,"54,42","54,42","54,42","54,42","0,00","0,00","0,00","0,00","0,26","0,26","0,26","0,26","0,18","0,17","0,17","0,16","0,00","0,40","0,44","0,41","55,25","4,1","7,2","3,8","9,13","9,31","9,59","9,88","65,13","4,3","7,6","4,3"
83,LA SEYNE SUR MER,88,"49,60","49,60","49,60","49,60","0,00","0,00","0,00","0,00","4,00","5,00","5,00","5,00","0,19","0,19","0,18","0,18","0,44","0,46","0,51","0,49","55,27","5,3","7,2","3,9","11,02","11,15","11,29","11,42","66,69","5,2","7,4","4,1"
53,LAVAL,130,"45,77","45,77","45,77","45,77","0,00","0,00","0,00","0,00","0,20","0,25","0,30","0,36","0,00","0,00","0,00","0,00","0,17","0,17","0,19","0,18","46,31","3,5","7,3","4,0","7,80","7,95","8,10","8,10","54,41","3,8","7,5","4,0"
93,LE BLANC MESNIL,98,"39,17","39,17","39,17","39,17","0,00","0,00","0,00","0,00","0,00","0,00","0,00","0,00","0,62","0,57","0,58","0,59","0,01","0,01","0,07","0,11","39,86","3,3","7,3","4,0","8,20","8,20","9,13","9,13","48,99","3,3","9,3","4,0"
06,LE CANNET,175,"25,89","25,89","27,47","29,89","0,00","0,00","0,00","0,00","0,00","0,00","0,00","0,00","0,19","0,19","0,18","0,18","0,00","0,00","0,00","0,74","30,81","3,4","13,6","15,8","15,37","15,37","15,37","15,37","46,18","3,4","11,2","11,5"
76,LE HAVRE,15,"54,36","54,36","54,36","54,36","0,00","0,00","0,00","0,00","0,00","0,00","0,00","0,00","0,11","0,12","0,11","0,11","0,00","0,00","0,00","0,00","54,47","3,4","7,1","3,9","12,50","12,50","12,50","12,63","67,10","3,4","7,1","4,1"
972,LE LAMENTIN,187,"40,93","40,93","40,93","40,93","0,00","0,00","0,00","0,00","1,50","1,50","1,50","1,50","0,72","0,78","0,71","0,67","0,87","0,89","0,94","0,89","43,99","3,6","7,1","3,7","13,80","13,80","13,80","13,80","57,79","3,5","7,1","3,7"
72,LE MANS**,24,"34,71","34,71","34,71","34,71","0,00","0,00","0,00","0,00","13,09","13,09","13,09","13,09","0,00","0,00","0,00","0,00","0,00","0,00","0,00","0,00","47,80","3,4","7,1","3,9","6,71","6,71","6,71","6,71","54,51","3,4","7,1","3,9"
974,LE TAMPON**,58,"41,47","39,40","39,40","39,40","0,00","0,00","0,00","0,00","0,00","0,00","2,00","2,00","0,66","0,65","0,60","0,58","0,00","1,09","1,13","1,08","43,06","1,0","12,3","3,7","16,70","16,70","16,70","16,70","59,76","1,7","10,8","3,8"
971,LES ABYMES,116,"53,06","53,06","53,06","53,06","0,00","0,00","0,00","0,00","0,50","0,50","0,50","0,50","1,01","1,05","0,95","0,95","0,00","0,00","0,35","0,34","54,85","4,1","7,6","3,9","17,17","19,82","18,57","17,66","72,51","5,5","5,7","2,6"
85,LES SABLES D'OLONNE*,157,"39,82","39,72","39,60","39,48","0,00","0,00","0,00","0,00","3,10","3,10","4,10","4,10","0,15","0,12","0,11","0,14","0,00","0,00","0,00","0,58","44,29","3,1","9,3","5,0","11,30","11,30","11,30","12,30","56,59","3,2","8,8","6,7"
92,LEVALLOIS PERRET,79,"22,93","22,93","22,93","22,93","0,00","0,00","0,00","0,00","0,00","0,00","0,00","0,00","0,62","0,57","0,58","0,59","0,01","0,01","0,07","0,11","23,62","3,2","7,4","4,1","3,25","3,25","3,25","3,25","26,87","3,2","7,4","4,1"
59,LILLE,10,"48,35","48,35","48,35","48,35","0,00","0,00","0,00","0,00","0,00","0,00","0,00","0,00","0,26","0,16","0,20","0,18","0,00","0,38","0,45","0,42","48,95","4,0","7,3","3,8","13,39","13,39","14,64","14,64","63,59","3,9","9,4","3,8"
87,LIMOGES,28,"38,30","38,30","42,13","42,13","0,00","0,00","0,00","0,00","1,00","2,20","2,20","2,20","0,18","0,17","0,17","0,16","0,00","0,00","0,04","0,04","44,53","6,5","17,3","3,9","6,12","6,12","6,12","6,12","50,65","6,1","16,0","3,9"
93,LIVRY GARGAN,152,"35,46","35,46","40,46","40,46","0,00","0,00","0,00","0,00","0,00","0,00","0,00","0,00","0,62","0,57","0,58","0,59","0,01","0,01","0,07","0,11","41,15","3,3","22,2","4,0","6,33","6,89","7,20","7,35","48,50","4,6","20,5","4,3"
56,LORIENT,99,"48,04","48,04","48,04","48,04","0,00","0,00","0,00","0,00","0,50","0,50","0,49","0,49","0,12","0,09","0,08","0,08","0,00","0,00","0,00","0,00","48,61","3,3","7,1","3,9","9,54","9,54","9,54","9,54","58,15","3,3","7,1","3,9"
69,LYON,3,"29,26","29,26","31,89","31,89","0,11","0,12","0,12","0,12","0,55","0,55","0,55","0,55","0,00","0,00","0,00","0,00","0,00","0,00","0,00","0,15","32,71","3,4","16,5","4,4","4,93","4,93","4,93","5,19","37,90","3,4","15,2","5,0"
94,MAISONS ALFORT,102,"27,52","27,52","28,62","28,62","0,21","0,24","0,23","0,28","0,00","0,00","0,00","0,00","0,62","0,57","0,58","0,59","0,01","0,01","0,07","0,11","29,59","3,3","11,5","4,2","5,42","5,94","6,00","6,17","35,76","4,9","10,9","4,7"
78,MANTES LA JOLIE,162,"31,98","31,98","31,98","30,98","0,00","0,00","0,00","0,00","0,00","6,00","6,00","6,00","0,62","0,57","0,58","0,59","0,11","0,12","0,15","0,14","37,71","22,2","7,2","1,2","4,04","4,04","4,04","7,52","45,23","20,2","7,2","9,9"
59,MARCQ EN BAROEUL,196,"33,50","33,50","33,50","33,50","0,62","0,68","0,66","0,63","0,00","0,00","0,00","0,00","0,26","0,16","0,20","0,18","0,00","0,38","0,45","0,42","34,73","4,4","7,4","3,7","13,39","13,39","14,64","14,64","49,37","4,1","10,1","3,7"
13,MARSEILLE,2,"39,07","44,54","44,54","44,54","0,00","0,00","0,00","0,00","3,29","3,19","3,09","2,99","0,19","0,19","0,18","0,18","0,48","0,51","0,61","0,56","48,27","16,3","7,1","3,6","18,10","18,10","18,10","18,10","66,37","12,5","7,1","3,7"
13,MARTIGUES,134,"32,68","37,68","37,68","37,68","0,00","0,00","0,00","0,00","1,20","1,40","1,60","1,80","0,19","0,19","0,18","0,18","0,48","0,51","0,61","0,56","40,22","19,0","7,9","4,3","12,50","13,50","14,00","14,00","54,22","17,1","8,7","4,2"
77,MEAUX,103,"41,57","41,57","41,57","45,57","0,00","0,00","0,00","0,00","2,95","2,95","2,95","2,95","0,62","0,57","0,58","0,59","0,00","1,16","1,34",NR,"50,45","5,9","7,5","12,9 (dp)","12,00","12,00","12,00","12,00","62,45","5,4","7,4","11,0 (dp)"
77,MELUN,182,"45,30","45,30","45,30","45,30","0,00","0,00","0,00","0,00","0,54","0,54","0,54","0,54","0,62","0,57","0,58","0,59","0,00","0,00","0,31","0,30","46,73","3,3","7,8","3,9","7,90","10,09","10,09","10,09","56,82","7,5","7,7","3,9"
33,MERIGNAC,71,"46,18","46,18","46,18","46,18","0,00","0,00","0,00","0,00","0,00","0,00","0,00","0,00","0,18","0,17","0,48","0,53","0,00","0,00","0,00","0,22","46,93","3,4","7,8","4,5","8,69","7,55","7,18","7,18","54,11","1,2","7,0","4,4"
57,METZ,32,"31,47","31,47","35,97","35,97","0,00","0,00","0,00","0,00","2,09","2,09","2,09","2,09","0,14","0,10","0,10","0,10","0,19","0,21","0,24","0,23","38,39","3,3","21,4","3,9","9,25","9,25","9,25","9,25","47,64","3,3","18,4","3,9"
92,MEUDON,151,"19,96","19,96","26,96","26,96","0,00","0,00","0,00","0,00","0,00","0,00","0,00","0,00","0,62","0,57","0,58","0,59","0,01","0,01","0,07","0,11","27,65","3,1","44,0","4,1","4,15","4,15","4,15","4,15","31,80","3,2","37,8","4,0"
82,MONTAUBAN,92,"61,93","61,93","61,93","61,93","0,00","0,00","0,00","0,00","6,47","6,47","6,47","6,47","0,32","0,34","0,64","0,68","0,00","0,00","0,00","0,07","69,15","3,4","7,6","4,1","9,35","9,35","11,00","11,00","80,15","3,4","9,8","4,0"
26,MONTELIMAR,189,"36,05","36,05","37,82","37,82","0,00","0,00","0,00","0,00","1,65","1,65","1,65","1,65","0,23","0,22","0,23","0,22","0,00","0,24","0,25","0,20","39,89","4,0","12,1","3,7","8,17","10,80","10,80","10,80","50,69","9,8","11,0","3,8"
34,MONTPELLIER,7,"52,63","52,63","52,63","52,63","0,00","0,00","0,00","0,00","0,17","0,17","0,17","0,17","0,20","0,20","0,25","0,24","0,44","0,45","0,83","1,22","54,26","3,4","8,0","4,6","12,35","12,35","12,35","14,62","68,88","3,4","7,8","8,1"
93,MONTREUIL SOUS BOIS,37,"38,58","41,44","41,44","43,51","0,00","0,00","0,00","0,00","0,00","0,00","0,00","0,00","0,62","0,57","0,58","0,59","0,01","0,01","0,07","0,11","44,20","10,8","7,3","9,1","7,92","8,44","8,44","8,77","52,97","10,7","7,2","8,9"
92,MONTROUGE,137,"19,98","19,98","19,98","19,98","0,02","0,03","0,03","0,02","0,00","0,00","0,00","0,00","0,62","0,57","0,58","0,59","0,01","0,01","0,07","0,11","20,70","3,2","7,4","4,1","4,02","4,16","4,30","4,44","25,14","3,8","8,0","4,6"
68,MULHOUSE,39,"41,01","41,01","43,01","43,01","0,00","0,00","0,00","0,00","1,58","1,58","3,58","3,58","0,11","0,12","0,21","0,21","0,07","0,07","0,08","0,12","46,92","3,4","17,4","4,0","13,37","13,07","12,76","12,45","59,37","2,9","14,4","3,4"
54,NANCY,41,"29,68","29,68","29,68","33,98","0,00","0,00","0,00","0,00","8,81","8,81","8,81","9,65","0,14","0,10","0,10","0,10","0,00","0,12","0,18","0,19","43,92","3,6","7,2","17,7","6,71","6,71","6,71","6,71","50,63","3,6","7,2","15,7"
92,NANTERRE,45,"20,67","21,97","22,97","22,97","0,00","0,00","0,00","0,00","0,00","0,00","0,00","0,00","0,62","0,57","0,58","0,59","0,01","0,01","0,07","0,11","23,66","9,5","12,2","4,1","3,47","3,47","3,47","3,47","27,13","8,6","11,5","4,1"
44,NANTES,6,"42,51","46,34","46,34","46,34","0,00","0,00","0,00","0,00","6,41","6,41","6,41","6,41","0,00","0,00","0,24","0,35","0,00","0,00","0,29","0,27","53,36","11,5","8,2","4,1","7,50","7,95","7,95","7,95","61,31","11,2","8,0","4,0"
11,NARBONNE**,104,"59,03","59,03","59,03","59,03","0,00","0,00","0,00","0,00","1,52","1,52","1,52","1,52","0,20","0,20","0,25","0,24","0,61","0,67","0,73","0,85","61,64","3,5","7,3","4,1","13,58","13,58","13,58","13,58","75,22","3,5","7,3","4,0"
92,NEUILLY SUR SEINE,94,"13,05","13,05","13,05","14,35","0,00","0,00","0,00","0,00","0,00","0,00","0,00","0,00","0,62","0,57","0,58","0,59","0,01","0,01","0,07","0,11","15,04","3,0","7,6","14,1","2,28","2,28","2,28","2,28","17,32","3,1","7,6","12,6"
06,NICE,5,"29,62","29,62","29,62","35,30","0,00","0,00","0,00","0,00","6,40","6,40","6,40","6,40","0,19","0,19","0,18","0,18","0,00","0,00","0,00","0,53","42,41","3,4","7,1","21,7","8,46","8,46","10,46","10,46","52,87","3,4","11,9","17,7"
30,NIMES,21,"53,20","53,20","53,20","53,20","0,00","0,00","0,00","0,00","0,00","0,00","0,00","0,00","0,20","0,20","0,25","0,24","0,54","0,55","0,62","0,57","54,01","3,4","7,3","3,8","11,71","11,71","11,71","11,71","65,72","3,4","7,3","3,8"
79,NIORT,96,"49,17","49,17","49,17","49,17","0,00","0,00","0,00","0,00","0,05","0,05","0,06","0,06","0,18","0,17","0,17","0,16","0,00","0,00","0,00","0,00","49,39","3,4","7,1","3,9","10,20","10,20","10,20","10,20","59,59","3,4","7,1","3,9"
93,NOISY LE GRAND,76,"33,27","33,27","33,27","33,27","0,00","0,00","0,00","0,00","0,00","0,00","0,00","0,00","0,62","0,57","0,58","0,59","0,01","0,01","0,07","0,11","33,96","3,2","7,3","4,0","5,68","6,45","6,98","7,35","41,31","5,3","8,7","4,9"
93,NOISY LE SEC,160,"44,93","44,93","47,93","47,93","0,00","0,00","0,00","0,00","0,00","0,00","0,00","0,00","0,62","0,57","0,58","0,59","0,01","0,01","0,07","0,11","48,62","3,3","14,3","4,0","7,92","8,44","8,44","8,77","57,39","4,3","13,2","4,6"
45,ORLEANS,34,"48,37","48,37","48,37","48,37","0,00","0,00","0,00","0,00","5,71","5,71","5,71","5,71","0,23","0,24","0,39","0,38","0,00","0,00","0,00","0,17","54,63","3,4","7,4","4,2","5,80","5,80","5,80","5,80","60,43","3,4","7,4","4,2"
93,PANTIN,93,"40,16","44,17","44,17","44,17","0,00","0,00","0,00","0,00","0,00","0,00","0,00","0,00","0,62","0,57","0,58","0,59","0,01","0,01","0,07","0,11","44,86","13,4","7,3","4,0","7,92","8,44","8,44","8,77","53,63","12,9","7,2","4,6"
75,PARIS,1,"13,50","13,50","20,50","20,50","0,00","0,00","0,00","0,00","0,00","0,00","0,00","0,00","0,62","0,57","0,58","0,59","0,01","0,01","0,07","0,11","21,19","3,0","60,8","4,1","6,21","6,21","6,21","6,21","27,40","3,1","44,4","4,1"
64,PAU**,65,"38,09","40,09","40,09","40,09","0,00","0,00","0,00","0,00","2,00","4,00","4,00","4,00","0,19","0,19","0,20","0,19","0,20","0,22","0,26","0,25","44,52","13,6","7,2","3,8","9,03","9,03","9,03","9,03","53,55","11,8","7,2","3,8"
66,PERPIGNAN,31,"47,15","47,15","47,15","47,15","0,00","0,00","0,00","0,00","2,00","2,00","2,00","2,00","0,54","0,53","0,50","0,48","0,89","0,89","0,93","0,88","50,51","3,4","7,1","3,7","9,70","9,70","9,70","9,70","60,21","3,4","7,1","3,8"
33,PESSAC,82,"47,38","47,38","47,38","47,38","0,00","0,00","0,00","0,00","0,00","0,00","0,00","0,00","0,18","0,17","0,48","0,53","0,00","0,00","0,00","0,22","48,13","3,4","7,8","4,5","8,69","7,55","7,18","7,18","55,31","1,3","7,0","4,4"
78,POISSY,194,"29,33","29,33","29,33","28,96","0,04","0,04","0,05","0,05","0,00","6,00","6,00","6,00","0,62","0,57","0,58","0,59","0,11","0,12","0,15","0,14","35,74","23,9","7,2","2,8","6,07","6,07","6,07","7,95","43,69","20,4","7,2","7,6"
86,POITIERS**,49,"49,34","49,34","49,34","49,34","0,00","0,00","0,00","0,00","5,17","5,17","5,17","5,17","0,18","0,17","0,17","0,16","0,05","0,06","0,09","0,16","54,84","3,4","7,2","4,0","9,88","9,88","7,90","8,00","62,84","3,4","3,9","4,2"
77,PONTAULT COMBAULT,202,"49,31","49,31","49,31","49,31","0,00","0,00","0,00","0,00","0,00","0,00","0,00","0,00","0,62","0,57","0,58","0,59","0,00","0,16","0,19","0,18","50,07","3,6","7,2","3,9","9,45","9,25","9,25","9,25","59,32","3,3","7,2","3,9"
92,PUTEAUX,154,"16,01","16,01","16,01","16,01","0,00","0,00","0,00","0,00","0,00","0,00","0,00","0,00","0,62","0,57","0,58","0,59","0,01","0,01","0,07","0,11","16,70","3,1","7,5","4,2","1,70","1,70","1,70","1,70","18,40","3,1","7,5","4,1"
29,QUIMPER,86,"37,20","37,20","37,20","37,20","0,00","0,00","0,00","0,00","2,61","2,61","5,00","5,00","0,12","0,09","0,08","0,08","0,00","0,00","0,00","0,00","42,28","3,3","13,5","3,9","7,67","7,67","7,67","7,67","49,95","3,3","12,5","3,9"
51,REIMS,12,"44,77","44,77","44,77","44,77","0,00","0,00","0,00","0,00","1,45","1,45","1,45","1,45","0,04","0,07","0,09","0,10","0,00","0,00","0,00","0,00","46,32","3,4","7,2","3,9","9,00","9,00","9,00","9,00","55,32","3,4","7,2","3,9"
35,RENNES,11,"45,66","45,66","45,66","45,66","0,00","0,00","0,00","0,00","1,73","1,73","1,73","1,73","0,12","0,09","0,08","0,08","0,00","0,00","0,25","0,23","47,70","3,3","7,7","3,8","5,70","7,50","7,50","9,85","57,55","6,8","7,6","8,3"
44,REZE,171,"42,29","43,29","45,29","49,29","0,00","0,00","0,00","0,00","6,41","6,41","6,41","6,41","0,00","0,00","0,24","0,35","0,00","0,00","0,29","0,27","56,31","5,5","12,6","12,0","7,50","7,95","7,95","7,95","64,26","6,1","11,8","11,0"
93,ROSNY SOUS BOIS,149,"36,99","36,99","36,99","36,99","0,00","0,00","0,00","0,00","0,00","0,00","0,00","0,00","0,62","0,57","0,58","0,59","0,01","0,01","0,07","0,11","37,68","3,3","7,3","4,0","6,68","7,12","7,31","7,35","45,03","4,3","7,7","4,1"
59,ROUBAIX,43,"48,70","48,70","48,70","48,70","2,04","2,94","2,84","2,70","0,00","0,00","0,00","0,00","0,26","0,16","0,20","0,18","0,00","0,38","0,45","0,42","52,00","5,8","7,1","3,5","13,39","13,39","14,64","14,64","66,64","5,3","9,1","3,6"
76,ROUEN,36,"48,71","48,71","48,71","48,71","0,00","0,00","0,00","0,00","0,00","0,00","0,00","0,00","0,11","0,12","0,11","0,11","0,00","0,00","0,00","0,67","49,49","3,4","7,1","5,3","8,06","8,06","8,06","8,06","57,55","3,4","7,1","5,1"
92,RUEIL MALMAISON,60,"19,92","21,12","21,54","22,19","0,00","0,00","0,00","0,00","0,00","0,00","0,00","0,00","0,62","0,57","0,58","0,59","0,01","0,01","0,07","0,11","22,88","9,2","9,5","7,1","3,47","3,47","3,47","3,47","26,35","8,3","9,2","6,7"
974,SAINT ANDRE,101,"39,48","39,48","39,48","39,48","0,00","0,00","0,00","0,00","0,00","0,00","2,00","2,00","0,66","0,65","0,60","0,58","0,00","0,00","0,69",NR,"42,75","3,4","14,1","3,9 (dp)","17,00","17,00","17,90","17,90","60,65","3,4","13,7","3,9 (dp)"
33,VILLENAVE D'ORNON,206,"47,67","47,67","47,67","47,67","0,00","0,00","0,00","0,00","0,00","0,00","0,00","0,00","0,18","0,17","0,48","0,53","0,00","0,00","0,00","0,22","48,42","3,4","7,8","4,5","8,69","7,55","7,18","7,18","55,60","1,3","7,0","4,4"
93,SAINT DENIS,35,"38,94","38,94","38,94","38,94","0,00","0,00","0,00","0,00","0,00","0,00","0,00","0,00","0,62","0,57","0,58","0,59","0,01","0,01","0,07","0,11","39,63","3,3","7,3","4,0","7,45","7,85","7,85","7,93","47,56","4,2","7,3","4,2"
974,SAINT DENIS,19,"36,73","36,73","36,73","36,73","0,00","0,00","0,00","0,00","0,00","0,00","0,00","1,00","0,66","0,65","0,60","0,58","0,00","0,00","0,71","0,66","38,97","3,4","9,0","6,4","14,80","14,80","15,80","15,80","54,77","3,4","10,5","5,7"
42,SAINT ETIENNE,14,"38,85","38,85","38,85","44,68","0,00","0,00","0,00","0,00","1,37","2,60","2,60","2,60","0,23","0,22","0,23","0,22","0,00","0,51","0,56","0,66","48,16","7,8","7,3","18,5","8,00","8,00","8,30","8,30","56,46","7,1","7,9","16,1"
78,SAINT GERMAIN-EN-LAYE*,158,"21,55","21,55","21,55","21,55","1,82","2,13","2,53","2,54","0,00","0,00","0,00","0,00","0,62","0,57","0,58","0,59","0,13","0,16","0,24","0,23","24,90","4,6","9,2","3,9","3,97","4,03","4,24","4,24","29,14","4,7","9,7","3,9"
44,SAINT HERBLAIN,140,"39,32","39,32","39,32","39,32","0,00","0,00","0,00","0,00","6,41","6,41","6,41","6,41","0,00","0,00","0,24","0,35","0,00","0,00","0,29","0,27","46,34","3,4","8,3","4,1","7,50","7,95","7,95","7,95","54,29","4,3","8,2","4,1"
974,SAINT LOUIS,117,"76,53","74,23","72,00","72,00","0,00","0,00","0,00","0,00","2,00","2,00","2,00","3,00","0,66","0,65","0,60","0,58","0,64","0,63","0,65",NR,"76,23","0,4","4,0","5,3 (dp)","17,91","17,91","17,91","17,91","94,14","0,9","4,6","5,0 (dp)"
35,SAINT MALO,143,"46,03","46,03","46,03","46,03","0,00","0,00","0,00","0,00","2,00","2,60","2,60","2,60","0,12","0,09","0,08","0,08","0,29","0,30","0,32","0,34","49,05","4,6","7,1","3,9","11,40","11,40","12,16","12,16","61,21","4,4","8,5","3,9"
38,SAINT MARTIN D'HERES,199,"55,94","55,94","55,94","55,94","0,00","0,00","0,00","0,00","1,29","1,29","1,29","1,29","0,48","0,48","0,47","0,47","0,31","0,33","0,38","0,38","58,07","3,4","7,2","3,9","8,30","8,30","8,30","8,30","66,37","3,4","7,2","3,9"
94,SAINT MAUR DES FOSSES,66,"31,29","31,29","31,29","31,29","0,00","0,00","0,00","0,00","0,00","0,00","0,00","0,00","0,62","0,57","0,58","0,59","0,01","0,01","0,07","0,11","31,98","3,2","7,3","4,0","5,12","5,67","5,76","5,96","37,94","4,8","7,6","4,6"
44,SAINT NAZAIRE,72,"36,61","38,45","38,45","38,45","0,00","0,00","0,00","0,00","0,00","0,00","0,00","0,00","0,08","0,11","0,24","0,35","0,00","0,20","0,25","0,23","39,03","9,3","7,6","4,1","10,00","10,00","10,00","10,00","49,03","8,0","7,5","4,1"
93,SAINT OUEN SUR SEINE,126,"33,21","33,21","33,21","33,21","0,00","0,00","0,00","0,00","0,00","0,00","0,00","0,00","0,62","0,57","0,58","0,59","0,01","0,01","0,07","0,11","33,90","3,2","7,3","4,0","6,85","7,47","7,85","7,93","41,83","4,8","8,3","4,2"
974,SAINT PAUL,42,"41,77","41,77","41,77","41,77","0,00","0,00","0,00","0,00","0,00","0,00","0,00","0,00","0,66","0,65","0,60","0,58","0,93","0,93","1,01",NR,"43,36","3,4","7,2","3,9 (dp)","16,00","16,00","16,00","16,00","59,36","3,4","7,2","3,9 (dp)"
974,SAINT PIERRE,55,"44,18","44,18","44,18","44,18","0,00","0,00","0,00","0,00","2,00","2,00","2,00","3,00","0,66","0,65","0,60","0,58","0,64","0,63","0,65",NR,"48,41","3,3","7,1","6,0 (dp)","17,91","17,91","17,91","17,91","66,32","3,4","7,1","5,5 (dp)"
69,SAINT PRIEST,141,"30,06","30,06","30,06","34,95","0,28","0,33","0,36","0,38","0,55","0,55","0,55","0,55","0,00","0,00","0,00","0,00","0,00","0,00","0,00","0,15","36,04","3,6","7,2","20,9","4,93","4,93","4,93","5,19","41,23","3,5","7,2","19,3"
02,SAINT QUENTIN,115,"65,40","65,40","65,40","65,40","0,00","0,00","0,00","0,00","2,57","5,00","5,00","5,00","0,00","0,00","0,00","0,00","0,00","0,00","0,00","0,00","70,40","7,1","7,1","3,9","14,21","11,81","12,95","12,95","83,35","3,4","8,6","3,9"
13,SALON DE PROVENCE,153,"45,54","45,54","45,54","45,54","0,00","0,00","0,00","0,00","3,29","3,19","3,09","2,99","0,19","0,19","0,18","0,18","0,48","0,51","0,61","0,56","49,26","3,2","7,1","3,6","14,00","14,00","14,00","14,00","63,26","3,3","7,1","3,6"
95,SARCELLES,95,"36,90","36,90","36,90","36,90","0,00","0,00","0,00","0,00","3,94","4,58","4,58","4,58","0,62","0,57","0,58","0,59","0,43","0,46","0,46",NR,"42,53","4,8","7,1","3,9 (dp)","6,94","6,94","6,94","6,94","49,47","4,6","7,1","3,9 (dp)"
78,SARTROUVILLE,120,"24,04","24,04","24,04","24,04","0,28","0,27","0,28","0,26","0,00","0,00","0,00","0,00","0,62","0,57","0,58","0,59","0,13","0,16","0,24","0,23","25,11","3,3","7,5","3,8","6,74","6,45","6,00","6,00","31,11","2,4","5,9","3,8"
34,SETE,163,"59,23","59,23","59,23","59,23","0,00","0,00","0,00","0,00","2,11","2,33","4,10","4,10","0,20","0,20","0,25","0,24","1,24","1,24","1,29","1,17","64,74","3,8","10,3","3,7","14,50","14,50","14,50","14,50","79,24","3,7","9,7","3,7"
93,SEVRAN,124,"41,49","41,49","41,49","41,49","0,00","0,00","0,00","0,00","0,00","0,00","0,00","0,00","0,62","0,57","0,58","0,59","0,01","0,01","0,07","0,11","42,18","3,3","7,3","4,0","5,15","5,30","7,45","7,45","49,63","3,6","12,1","4,0"
93,STAINS,195,"41,19","41,19","41,19","41,19","0,00","0,00","0,00","0,00","0,00","0,00","0,00","0,00","0,62","0,57","0,58","0,59","0,01","0,01","0,07","0,11","41,88","3,3","7,3","4,0","7,45","7,85","7,85","7,93","49,81","4,1","7,3","4,2"
67,STRASBOURG,8,"37,44","37,44","37,44","37,44","0,00","0,00","0,00","0,00","1,15","4,60","4,60","4,60","0,11","0,12","0,21","0,21","0,00","0,00","0,00","0,00","42,25","12,6","7,3","3,9","11,59","11,59","11,59","11,59","53,84","10,5","7,3","3,9"
92,SURESNES,131,"26,10","26,10","26,10","26,10","0,00","0,00","0,00","0,00","0,00","0,00","0,00","0,00","0,62","0,57","0,58","0,59","0,01","0,01","0,07","0,11","26,79","3,2","7,4","4,1","3,47","3,47","3,47","3,47","30,26","3,2","7,3","4,0"
33,TALENCE,164,"49,69","49,69","49,69","49,69","0,00","0,00","0,00","0,00","0,00","0,00","0,00","0,00","0,18","0,17","0,48","0,53","0,00","0,00","0,00","0,22","50,44","3,4","7,8","4,5","8,69","7,55","7,18","7,18","57,62","1,4","7,0","4,4"
65,TARBES***,172,"54,59","54,59","54,25","53,99","0,00","0,00","0,00","0,00","0,66","0,79","0,81","0,89","0,20","0,20","0,25","0,24","0,31","0,32","0,36","0,39","55,50","3,7","6,7","3,6","8,05","7,75","7,70","7,48","62,98","3,1","6,6","3,3"
57,THIONVILLE,183,"37,26","37,26","37,26","37,26","0,00","0,00","0,00","0,00","1,00","3,00","3,00","5,00","0,14","0,10","0,10","0,10","0,21","0,22","0,28","0,25","42,61","8,7","7,2","8,9","11,19","11,24","11,29","11,34","53,95","7,6","7,3","7,9"
83,TOULON,13,"39,39","39,39","39,39","39,39","4,43","4,58","4,72","4,55","4,00","5,00","5,00","5,00","0,19","0,19","0,18","0,18","0,44","0,46","0,51","0,49","49,61","5,9","7,5","3,5","11,88","11,87","11,86","11,85","61,46","5,4","7,4","3,6"
31,TOULOUSE,4,"35,35","35,35","35,35","35,35","0,00","0,00","0,00","0,00","13,20","13,20","13,20","13,20","0,38","0,42","0,72","0,77","0,00","0,27","0,34","0,33","49,65","4,1","7,9","4,0","8,10","8,10","8,10","8,10","57,75","4,0","7,8","4,0"
59,TOURCOING,44,"50,99","50,99","50,99","50,99","0,00","0,00","0,00","0,00","0,00","0,00","0,00","0,00","0,26","0,16","0,20","0,18","0,00","0,38","0,45","0,42","51,59","4,0","7,3","3,8","13,39","13,39","14,64","14,64","66,23","3,8","9,3","3,8"
37,TOURS,26,"38,94","43,44","43,44","43,44","0,00","0,00","0,00","0,00","0,00","0,00","0,00","0,00","0,33","0,33","0,35","0,33","0,00","0,30","0,38","0,35","44,12","16,0","7,3","3,8","10,86","10,86","10,86","10,86","54,98","13,3","7,3","3,8"
10,TROYES,90,"46,24","46,24","50,44","50,44","0,00","0,00","0,00","0,00","0,12","0,12","2,61","2,61","0,04","0,07","0,09","0,10","0,88","0,93","1,03","0,99","54,14","3,5","22,5","3,8","8,82","11,50","11,50","10,95","65,09","8,5","19,5","3,0"
26,VALENCE,83,"40,68","40,68","40,68","40,68","0,00","0,00","0,00","0,00","3,96","3,96","3,96","3,96","0,23","0,22","0,23","0,22","0,48","0,51","0,54","0,51","45,37","3,4","7,2","3,8","7,95","8,25","8,25","8,25","53,62","4,0","7,2","3,8"
59,VALENCIENNES,169,"49,31","49,31","49,31","49,31","0,00","0,00","0,00","0,00","0,00","0,00","0,00","0,00","0,26","0,16","0,20","0,18","0,00","0,00","0,00","0,00","49,48","3,2","7,2","3,9","12,07","12,07","12,07","12,07","61,55","3,2","7,2","3,9"
56,VANNES,114,"33,68","33,68","33,68","33,68","0,00","0,00","0,00","0,00","0,00","0,00","0,00","0,00","0,12","0,09","0,08","0,08","0,00","0,38","0,43","0,39","34,15","4,5","7,2","3,8","8,01","9,28","10,55","11,82","45,97","7,4","10,3","6,8"
69,VAULX EN VELIN,119,"37,49","37,49","37,49","37,49","1,32","1,31","1,33","1,28","0,55","0,55","0,55","0,55","0,00","0,00","0,00","0,00","0,00","0,00","0,00","0,15","39,47","3,4","7,2","4,2","4,93","4,93","4,93","5,19","44,66","3,4","7,1","4,8"
69,VENISSIEUX,77,"34,08","34,08","34,08","34,08","2,37","2,26","2,26","2,20","0,55","0,55","0,55","0,55","0,00","0,00","0,00","0,00","0,00","0,00","0,00","0,15","36,98","3,1","7,1","4,2","4,93","4,93","4,93","5,19","42,17","3,1","7,1","4,8"
78,VERSAILLES,56,"26,10","26,10","26,10","26,10","0,00","0,00","0,00","0,00","0,00","0,00","0,00","0,00","0,62","0,57","0,58","0,59","0,00","0,00","0,12","0,13","26,81","3,2","7,6","3,9","5,39","5,39","5,39","5,39","32,20","3,2","7,5","3,9"
94,VILLEJUIF,105,"38,59","38,59","41,59","41,59","0,00","0,00","0,00","0,00","0,00","0,00","0,00","0,00","0,62","0,57","0,58","0,59","0,01","0,01","0,07","0,11","42,28","3,3","15,5","4,0","5,70","5,90","5,90","5,87","48,15","3,7","14,4","3,9"
59,VILLENEUVE D'ASCQ,91,"47,67","47,67","50,67","50,67","0,00","0,00","0,00","0,00","0,00","0,00","0,00","0,00","0,26","0,16","0,20","0,18","0,00","0,38","0,45","0,42","51,27","4,0","14,0","3,8","13,39","13,39","14,64","14,64","65,91","3,9","14,7","3,8"
93,VILLEPINTE,201,"47,84","47,84","47,84","48,84","0,00","0,00","0,00","0,00","0,00","0,00","0,00","0,00","0,62","0,57","0,58","0,59","0,01","0,01","0,07","0,11","49,53","3,3","7,3","6,1","5,15","5,30","7,45","7,45","56,98","3,6","11,5","5,8"
69,VILLEURBANNE,20,"29,94","29,94","29,94","32,93","0,54","0,60","0,60","0,56","0,55","0,55","0,55","0,55","0,00","0,00","0,00","0,00","0,00","0,00","0,00","0,15","34,20","3,6","7,1","14,3","4,93","4,93","4,93","5,19","39,39","3,6","7,1","13,6"
94,VINCENNES,129,"34,18","34,18","34,18","34,18","0,00","0,00","0,00","0,00","0,00","0,00","0,00","0,00","0,62","0,57","0,58","0,59","0,01","0,01","0,07","0,11","34,87","3,2","7,3","4,0","4,05","4,72","4,93","5,25","40,12","5,0","7,9","4,8"
94,VITRY SUR SEINE,46,"33,47","34,58","37,69","37,69","0,00","0,00","0,00","0,00","0,00","0,00","0,00","0,00","0,62","0,57","0,58","0,59","0,01","0,01","0,07","0,11","38,38","6,6","16,8","4,0","7,35","7,72","7,87","7,87","46,25","7,0","15,4","4,0"
59,WATTRELOS,181,"68,79","68,50","67,50","67,20","0,00","0,00","0,00","0,00","0,00","0,00","0,00","0,00","0,26","0,16","0,20","0,18","0,00","0,38","0,45","0,42","67,80","3,4","5,7","3,4","13,39","13,39","14,64","14,64","82,44","3,4","7,6","3,5"
,,,,,,,,,,,,,,,,,,,,,,,,,,,,,,,,,,
NR : non renseigné,,,,,,,,,,,,,,,,,,,,,,,,,,,,,,,,,,
(dp) : donnée provisoire à affiner en fonction du taux GEMAPI 2024 (manquant),,,,,,,,,,,,,,,,,,,,,,,,,,,,,,,,,,
*Ces villes ont fusionné avec d'autres communes et une harmonisation des taux est en cours. Nous ne prenons en compte que le taux appliqué pour le territoire historique de la Ville. ,,,,,,,,,,,,,,,,,,,,,,,,,,,,,,,,,,
** Ces villes appliquent des taux minorés de TEOM par zone. Nous ne prenons en compte que le taux maximum. ,,,,,,,,,,,,,,,,,,,,,,,,,,,,,,,,,,
"*** Dans ces villes, une part incitative de taxe d'enlèvement des ordures ménagères est prélevée en plus du taux de base. Ce dernier taux ne peut donc pas être comparé au taux d'autres communes. ",,,,,,,,,,,,,,,,,,,,,,,,,,,,,,,,,,
"Important : les données complètes étant manquantes pour Massy (127e au classement des villes les plus peuplées), Saint-Laurent-du-Maroni (138e), Charleville-Mézières (145e), Saint-Brieuc (166e), Boulogne-sur-Mer (186e) et Saint-Joseph (200e), ",,,,,,,,,,,,,,,,,,,,,,,,,,,,,,,,,,
"nous avons remplacé ces communes par Villepinte (201ème), Pontault-Combault (202ème), Franconville (204e), Annemasse (205e), Villenave-d'Ornon (206e), et Chatillon (207e). ",,,,,,,,,,,,,,,,,,,,,,,,,,,,,,,,,,
"Echirolles (205ème), Franconville (204ème), Pontault-Combault (202ème), Saint-Raphaël (214ème) et Villepinte (201ème). ",,,,,,,,,,,,,,,,,,,,,,,,,,,,,,,,,,